"A","品名","文件数","广东文件","其他文件数","卷数","广东确定"
"汪梅-初审","0003 醋艾炭","6","醋艾炭-广东确定.pdf","5","1","True"
"汪梅-初审","0005 白英","2","白英-广东确定.pdf","1","1","True"
"汪梅-初审","0010 制白附子","5","制白附子-广东确定.pdf","4","1","True"
"汪梅-初审","0011 白果仁","3","白果仁-广东确定.pdf","2","1","True"
"汪梅-初审","0013 白花蛇舌草","2","白花蛇舌草-广东确定.pdf","1","1","True"
"汪梅-初审","0015 败酱草（黄花败酱）","9","败酱草（黄花败酱）-广东确定.pdf","8","1","True"
"汪梅-初审","0026 柏子仁","6","柏子仁-广东确定.pdf","5","1","True"
"汪梅-初审","0037 醋鳖甲","6","醋鳖甲-广东确定.pdf","5","1","True"
"汪梅-初审","0042 蚕沙","5","蚕沙-广东确定.pdf","4","1","True"
"汪梅-初审","0052 蝉蜕","2","蝉蜕-广东确定.pdf","1","1","True"
"汪梅-初审","0056 沉香","4","沉香-广东确定.pdf","3","1","True"
"汪梅-初审","0073 川木通（小木通）","4","川木通（小木通）-广东确定.pdf","3","1","True"
"汪梅-初审","0082 淡豆豉","2","淡豆豉-广东确定.pdf","1","1","True"
"汪梅-初审","0091 地耳草","3","地耳草-广东确定.pdf","2","1","True"
"汪梅-初审","0096 地龙（参环毛蚓）","5","地龙（参环毛蚓）-广东确定.pdf","4","1","True"
"汪梅-初审","0099 丁香","2","丁香-广东确定.pdf","1","1","True"
"汪梅-初审","0100 冬瓜皮","4","冬瓜皮-广东确定.pdf","3","1","True"
"汪梅-初审","0102 冬瓜子","5","冬瓜子-广东确定.pdf","4","1","True"
"汪梅-初审","0107 豆蔻（爪哇白豆蔻）","7","豆蔻（爪哇白豆蔻）-广东确定.pdf","6","1","True"
"莫秋怡-初审","0109 阿胶","3","阿胶-广东确定.pdf","2","1","True"
"莫秋怡-初审","0114 凤尾草","2","凤尾草-广东确定.pdf","1","1","True"
"莫秋怡-初审","0122 浮小麦","4","浮小麦-广东确定.pdf","3","1","True"
"莫秋怡-初审","0124 番石榴叶","2","番石榴叶-广东确定.pdf","1","1","True"
"莫秋怡-初审","0128 姜炭","2","姜炭-广东确定.pdf","1","1","True"
"莫秋怡-初审","0134 狗脊","5","狗脊-广东确定.pdf","4","1","True"
"莫秋怡-初审","0143 绵马贯众","4","绵马贯众-广东确定.pdf","3","1","True"
"莫秋怡-初审","0144 醋龟甲","4","醋龟甲-广东确定.pdf","3","1","True"
"莫秋怡-初审","0145 桂枝","2","桂枝-广东确定.pdf","1","1","True"
"莫秋怡-初审","0148 甘松","3","甘松-广东确定.pdf","2","1","True"
"莫秋怡-初审","0154 海藻（羊栖菜）","2","海藻（羊栖菜）-广东确定.pdf","1","1","True"
"莫秋怡-初审","0160 诃子（诃子）","2","诃子（诃子）-广东确定.pdf","1","1","True"
"莫秋怡-初审","0162 黑芝麻","3","黑芝麻-广东确定.pdf","2","1","True"
"莫秋怡-初审","0176 黄精（多花黄精）","2","黄精（多花黄精）-广东确定.pdf","1","1","True"
"莫秋怡-初审","0177 酒黄精（多花黄精）","2","酒黄精（多花黄精）-广东确定.pdf","1","1","True"
"莫秋怡-初审","0185 海螵蛸（金乌贼）","4","海螵蛸（金乌贼）-广东确定.pdf","3","1","True"
"莫秋怡-初审","0193 急性子","2","急性子-广东确定.pdf","1","1","True"
"莫秋怡-初审","0207 金樱子","2","金樱子-广东确定.pdf","1","1","True"
"莫秋怡-初审","0209 荆芥炭","3","荆芥炭-广东确定.pdf","2","1","True"
"莫秋怡-初审","0212 九香虫","3","九香虫-广东确定.pdf","2","1","True"
"莫秋怡-初审","0215 决明子（钝叶决明）","2","决明子（钝叶决明）-广东确定.pdf","1","1","True"
"莫秋怡-初审","0228 宽筋藤（宽筋藤）","2","宽筋藤（宽筋藤）-广东确定.pdf","1","1","True"
"莫秋怡-初审","0244 龙骨","7","龙骨-广东确定.pdf","6","1","True"
"莫秋怡-初审","0245 煅龙骨","7","煅龙骨-广东确定.pdf","6","1","True"
"莫秋怡-初审","0258 芦荟（库拉索芦荟）","6","芦荟（库拉索芦荟）-广东确定.pdf","5","1","True"
"莫秋怡-初审","0260 马勃（大马勃）","4","马勃（大马勃）-广东确定.pdf","3","1","True"
"莫秋怡-初审","0262 蜜马兜铃（北马兜铃）","2","蜜马兜铃（北马兜铃）-广东确定.pdf","1","1","True"
"莫秋怡-初审","0267 麦芽","5","麦芽-广东确定.pdf","4","1","True"
"钟文峰-初审","0268 炒麦芽","5","炒麦芽-广东确定.pdf","4","1","True"
"钟文峰-初审","0276 木瓜","2","木瓜-广东确定.pdf","1","1","True"
"钟文峰-初审","0278 牡蛎（近江牡蛎）","6","牡蛎（近江牡蛎）-广东确定.pdf","5","1","True"
"钟文峰-初审","0279 煅牡蛎（近江牡蛎）","6","煅牡蛎（近江牡蛎）-广东确定.pdf","5","1","True"
"钟文峰-初审","0281 毛冬青","2","毛冬青-广东确定.pdf","1","1","True"
"钟文峰-初审","0287 鸡矢藤","3","鸡矢藤-广东确定.pdf","2","1","True"
"钟文峰-初审","0297 藕节","2","藕节-广东确定.pdf","1","1","True"
"钟文峰-初审","0298 藕节炭","2","藕节炭-广东确定.pdf","1","1","True"
"钟文峰-初审","0324 全蝎","3","全蝎-广东确定.pdf","2","1","True"
"钟文峰-初审","0331 乳香（埃塞俄比亚乳香）","2","乳香（埃塞俄比亚乳香）-广东确定.pdf","1","1","True"
"钟文峰-初审","0336 三七粉","2","三七粉-广东确定.pdf","1","1","True"
"钟文峰-初审","0357 石菖蒲","2","石菖蒲-广东确定.pdf","1","1","True"
"钟文峰-初审","0360 生石膏","5","生石膏-广东确定.pdf","4","1","True"
"钟文峰-初审","0363 石见穿","3","石见穿-广东确定.pdf","2","1","True"
"钟文峰-初审","0365 使君子","3","使君子-广东确定.pdf","2","1","True"
"钟文峰-初审","0371 水蛭（蚂蟥）","3","水蛭（蚂蟥）-广东确定.pdf","2","1","True"
"钟文峰-初审","0383 檀香","7","檀香-广东确定.pdf","6","1","True"
"钟文峰-初审","0388 制天南星（天南星）","4","制天南星（天南星）-广东确定.pdf","3","1","True"
"钟文峰-初审","0392 凤仙透骨草","2","凤仙透骨草-广东确定.pdf","1","1","True"
"钟文峰-初审","0393 土鳖虫（地鳖）","5","土鳖虫（地鳖）-广东确定.pdf","4","1","True"
"钟文峰-初审","0395 广东土牛膝","2","广东土牛膝-广东确定.pdf","1","1","True"
"钟文峰-初审","0405 蜈蚣","4","蜈蚣-广东确定.pdf","3","1","True"
"钟文峰-初审","0406 五灵脂","2","五灵脂-广东确定.pdf","1","1","True"
"钟文峰-初审","0408 乌梢蛇","7","乌梢蛇-广东确定.pdf","6","1","True"
"钟文峰-初审","0415 细辛（北细辛）","3","细辛（北细辛）-广东确定.pdf","2","1","True"
"钟文峰-初审","0423 香薷（江香薷）","4","香薷（江香薷）-广东确定.pdf","3","1","True"
"钟文峰-初审","0425 小茴香","2","小茴香-广东确定.pdf","1","1","True"
"钟文峰-初审","0427 薤白（小根蒜）","3","薤白（小根蒜）-广东确定.pdf","2","1","True"
"钟文峰-初审","0448 郁金（广西莪术）","3","郁金（广西莪术）-广东确定.pdf","2","1","True"
"钟文峰-初审","0450 玉米须","4","玉米须-广东确定.pdf","3","1","True"
"钟文峰-初审","0452 玉竹","2","玉竹-广东确定.pdf","1","1","True"
"钟文峰-初审","0473 紫草（新疆紫草）","5","紫草（新疆紫草）-广东确定.pdf","4","1","True"
"钟文峰-初审","0482 棕榈炭","3","棕榈炭-广东确定.pdf","2","1","True"
"钟文峰-初审","0486 叶下珠","2","叶下珠-广东确定.pdf","1","1","True"
"钟文峰-初审","0508 娑罗子（天师栗）","2","娑罗子（天师栗）-广东确定.pdf","1","1","True"
"钟文峰-初审","0519 黄药子","4","黄药子-广东确定.pdf","3","1","True"
"钟文峰-初审","0535 五指毛桃","2","五指毛桃-广东确定.pdf","1","1","True"
"钟文峰-初审","0542 龟甲胶","3","龟甲胶-广东确定.pdf","2","1","True"
"钟文峰-初审","0543 鹿角胶（马鹿）","6","鹿角胶（马鹿）-广东确定.pdf","5","1","True"
"钟文峰-初审","0552 炒车前子（车前）","2","炒车前子（车前）-广东确定.pdf","1","1","True"
"钟文峰-初审","0555 醋莪术（广西莪术）","2","醋莪术（广西莪术）-广东确定.pdf","1","1","True"
"钟文峰-初审","0565 醋没药（天然没药）","2","醋没药（天然没药）-广东确定.pdf","1","1","True"
"钟文峰-初审","0571 麸炒山药","2","麸炒山药-广东确定.pdf","1","1","True"
"钟文峰-初审","0576 醋五灵脂","3","醋五灵脂-广东确定.pdf","2","1","True"
"钟文峰-初审","0578 盐小茴香","2","盐小茴香-广东确定.pdf","1","1","True"
"钟文峰-初审","0600 谷芽","4","谷芽-广东确定.pdf","3","1","True"
"钟文峰-初审","0625 九节菖蒲","4","九节菖蒲-广东确定.pdf","3","1","True"
"钟文峰-初审","0640 红豆蔻","4","红豆蔻-广东确定.pdf","3","1","True"
"钟文峰-初审","0650 茜草炭","2","茜草炭-广东确定.pdf","1","1","True"
"钟文峰-初审","0660 冬凌草","2","冬凌草-广东确定.pdf","1","1","True"
"钟文峰-初审","0661 土贝母","2","土贝母-广东确定.pdf","1","1","True"
"钟文峰-初审","0741 甜叶菊","4","甜叶菊-广东确定.pdf","3","1","True"
"钟文峰-初审","0798 瓦楞子（毛蚶）","4","瓦楞子（毛蚶）-广东确定.pdf","3","1","True"
"钟文峰-初审","0799 枯矾","5","枯矾-广东确定.pdf","4","1","True"
"钟文峰-初审","0816 焦谷芽","2","焦谷芽-广东确定.pdf","1","1","True"
"钟文峰-初审","0872 草果仁","2","草果仁-广东确定.pdf","1","1","True"
"钟文峰-初审","0936 煅石决明（皱纹盘鲍）","4","煅石决明（皱纹盘鲍）-广东确定.pdf","3","1","True"
"钟文峰-初审","0937 煅珍珠母（三角帆蚌）","4","煅珍珠母（三角帆蚌）-广东确定.pdf","3","1","True"
"陈康梅-初审","0121 茯神","10","茯神-广东确定.pdf","9","1","True"
"陈康梅-初审","0129 岗梅","3","岗梅-广东确定.pdf","2","1","True"
"陈康梅-初审","0140 炒谷芽","3","炒谷芽-广东确定.pdf","2","1","True"
"陈康梅-初审","0150 海风藤","8","海风藤-广东确定.pdf","7","1","True"
"陈康梅-初审","0189 鸡蛋花","2","鸡蛋花-广东确定.pdf","1","1","True"
"陈康梅-初审","0252 鹿角霜（马鹿）","2","鹿角霜（马鹿）-广东确定.pdf","1","1","True"
"陈康梅-初审","0370 水牛角","2","水牛角-广东确定.pdf","1","1","True"
"陈康梅-初审","0391 通草","8","通草-广东确定.pdf","7","1","True"
"陈康梅-初审","0413 溪黄草（溪黄草）","3","溪黄草（溪黄草）-广东确定.pdf","2","1","True"
"陈康梅-初审","0435 血余炭","5","血余炭-广东确定.pdf","4","1","True"
"陈康梅-初审","0455 蜜远志（远志）","10","蜜远志（远志）-广东确定.pdf","9","1","True"
"陈康梅-初审","0500 核桃仁","8","核桃仁-广东确定.pdf","7","1","True"
"陈康梅-初审","0503 鹿角（马鹿）","4","鹿角（马鹿）-广东确定.pdf","3","1","True"
"陈康梅-初审","0522 橘络","11","橘络-广东确定.pdf","10","1","True"
"陈康梅-初审","0584 麸炒泽泻（泽泻）","5","麸炒泽泻（泽泻）-广东确定.pdf","4","1","True"
"陈康梅-初审","0593 鸭跖草","2","鸭跖草-广东确定.pdf","1","1","True"
"陈康梅-初审","0719 石楠叶","15","石楠叶-广东确定.pdf","14","2","True"
"陈康梅-初审","0864 木通（三叶木通）","24","木通（三叶木通）-广东确定.pdf","23","3","True"
"陈康梅-初审","0866 苘麻子","16","苘麻子-广东确定.pdf","15","2","True"
"陈康梅-初审","0939 麸炒芡实","6","麸炒芡实-广东确定.pdf","5","1","True"
"陈康梅-初审","0995 石斛（金钗石斛）","7","石斛（金钗石斛）-广东确定.pdf","6","1","True"
